from_quintile,1,2,3,4,5
1,0.9838337182448037,0.011547344110854504,0.0,0.0023094688221709007,0.0023094688221709007
2,0.027842227378190254,0.9582366589327146,0.013921113689095127,0.0,0.0
3,0.0,0.023696682464454975,0.9691943127962085,0.0071090047393364926,0.0
4,0.0,0.0,0.01160092807424594,0.9860788863109049,0.002320185614849188
5,0.0,0.0,0.0,0.006756756756756757,0.9932432432432432
