from_quintile,stay_probability,upgrade_probability,downgrade_probability,top_quintile_persistence,bottom_quintile_persistence,horizon_months,n_transitions
1,0.9838337182448037,0.016166281755196306,0.0,0.9932432432432432,0.9838337182448037,12,2161
2,0.9582366589327146,0.013921113689095127,0.027842227378190254,0.9932432432432432,0.9838337182448037,12,2161
3,0.9691943127962085,0.0071090047393364926,0.023696682464454975,0.9932432432432432,0.9838337182448037,12,2161
4,0.9860788863109049,0.002320185614849188,0.01160092807424594,0.9932432432432432,0.9838337182448037,12,2161
5,0.9932432432432432,0.0,0.006756756756756757,0.9932432432432432,0.9838337182448037,12,2161
